benchmarks,baseline,changeBpred2,changeruu2
interger,0.839136612241,0.840206068044,1.26183975826
floating point,0.739953856353,0.742977122741,1.09682783884
