benchmarks,baseline,changeBpred,changeruu
integer,0.839181977108,0.840069814724,1.26177950567
floating point,0.739953856353,0.742977122741,1.09682783884
